Arquivo_Duplicado,Original
424.jpg,422.jpg
319.jpg,318.jpg
200.jpg,202.jpg
408.jpg,405.jpg
420.jpg,422.jpg
310.jpg,311.jpg
295.jpg,78.jpg
312.jpg,311.jpg
439.jpg,441.jpg
413.jpg,411.jpg
457.jpg,456.jpg
384.jpg,385.jpg
77.jpg,78.jpg
303.jpg,305.jpg
407.jpg,405.jpg
196.jpg,197.jpg
208.jpg,209.jpg
315.jpg,311.jpg
291.jpg,78.jpg
423.jpg,422.jpg
445.jpg,422.jpg
306.jpg,305.jpg
394.jpg,392.jpg
524.jpg,53.jpg
189.jpg,190.jpg
500.jpg,501.jpg
469.jpg,470.jpg
210.jpg,209.jpg
313.jpg,311.jpg
404.jpg,405.jpg
294.jpg,293.jpg
229.jpg,228.jpg
5.jpg,519.jpg
176.jpg,175.jpg
321.jpg,323.jpg
406.jpg,405.jpg
494.jpg,495.jpg
95.jpg,94.jpg
471.jpg,472.jpg
50.jpg,71.jpg
314.jpg,311.jpg
426.jpg,422.jpg
459.jpg,456.jpg
520.jpg,519.jpg
419.jpg,422.jpg
308.jpg,311.jpg
454.jpg,455.jpg
391.jpg,392.jpg
440.jpg,441.jpg
201.jpg,202.jpg
180.jpg,179.jpg
139.jpg,138.jpg
463.jpg,455.jpg
214.jpg,211.jpg
421.jpg,422.jpg
518.jpg,519.jpg
443.jpg,405.jpg
6.jpg,71.jpg
76.jpg,78.jpg
322.jpg,323.jpg
97.jpg,328.jpg
171.jpg,170.jpg
307.jpg,311.jpg
473.jpg,472.jpg
361.jpg,362.jpg
425.jpg,422.jpg
300.jpg,299.jpg
4.jpg,515.jpg
522.jpg,71.jpg
444.jpg,411.jpg
449.jpg,448.jpg
88.jpg,89.jpg
289.jpg,290.jpg
412.jpg,411.jpg
265.jpg,267.jpg
25.jpg,30.jpg
37.jpg,33.jpg
383.jpg,382.jpg
409.jpg,405.jpg
417.jpg,418.jpg
365.jpg,366.jpg
461.jpg,456.jpg
213.jpg,211.jpg
198.jpg,197.jpg
288.jpg,290.jpg
266.jpg,267.jpg
460.jpg,456.jpg
2.jpg,499.jpg
527.jpg,71.jpg
465.jpg,466.jpg
521.jpg,519.jpg
91.jpg,92.jpg
178.jpg,179.jpg
304.jpg,305.jpg
450.jpg,448.jpg
393.jpg,392.jpg
28.jpg,29.jpg
35.jpg,34.jpg
410.jpg,405.jpg
453.jpg,455.jpg
498.jpg,497.jpg
212.jpg,211.jpg
458.jpg,456.jpg
191.jpg,192.jpg
1.jpg,497.jpg
8.jpg,3.jpg
309.jpg,311.jpg
446.jpg,422.jpg
46.jpg,519.jpg
132.jpg,14.jpg
